[{"model": "contenttypes.contenttype", "pk": 1, "fields": {"app_label": "admin", "model": "logentry"}}, {"model": "contenttypes.contenttype", "pk": 2, "fields": {"app_label": "auth", "model": "permission"}}, {"model": "contenttypes.contenttype", "pk": 3, "fields": {"app_label": "auth", "model": "group"}}, {"model": "contenttypes.contenttype", "pk": 4, "fields": {"app_label": "auth", "model": "user"}}, {"model": "contenttypes.contenttype", "pk": 5, "fields": {"app_label": "contenttypes", "model": "contenttype"}}, {"model": "contenttypes.contenttype", "pk": 6, "fields": {"app_label": "sessions", "model": "session"}}, {"model": "contenttypes.contenttype", "pk": 7, "fields": {"app_label": "myapp", "model": "publisher"}}, {"model": "contenttypes.contenttype", "pk": 8, "fields": {"app_label": "myapp", "model": "book"}}, {"model": "contenttypes.contenttype", "pk": 9, "fields": {"app_label": "myapp", "model": "member"}}, {"model": "contenttypes.contenttype", "pk": 10, "fields": {"app_label": "myapp", "model": "order"}}, {"model": "contenttypes.contenttype", "pk": 11, "fields": {"app_label": "myapp", "model": "review"}}, {"model": "sessions.session", "pk": "0may323vual60rwkbjrnvh1jjlw0ng1m", "fields": {"session_data": "NDMxMTBmMDM3MWZkYWZhY2NmMjZmOTE3MDZjZGU5Y2EzZjVmNGU5ZTp7Il9hdXRoX3VzZXJfaWQiOiIxIiwiX2F1dGhfdXNlcl9iYWNrZW5kIjoiZGphbmdvLmNvbnRyaWIuYXV0aC5iYWNrZW5kcy5Nb2RlbEJhY2tlbmQiLCJfYXV0aF91c2VyX2hhc2giOiIwMGQzYmQxYTZjNWQyYWQzMzE4OGViNTQ5NDk0MzU5MmI0MGZmMzk0In0=", "expire_date": "2019-12-17T23:15:21.833Z"}}, {"model": "sessions.session", "pk": "4w8unhgvyj5t7au1dx7ni72o5d0u560n", "fields": {"session_data": "NDMxMTBmMDM3MWZkYWZhY2NmMjZmOTE3MDZjZGU5Y2EzZjVmNGU5ZTp7Il9hdXRoX3VzZXJfaWQiOiIxIiwiX2F1dGhfdXNlcl9iYWNrZW5kIjoiZGphbmdvLmNvbnRyaWIuYXV0aC5iYWNrZW5kcy5Nb2RlbEJhY2tlbmQiLCJfYXV0aF91c2VyX2hhc2giOiIwMGQzYmQxYTZjNWQyYWQzMzE4OGViNTQ5NDk0MzU5MmI0MGZmMzk0In0=", "expire_date": "2019-12-17T23:10:47.435Z"}}, {"model": "sessions.session", "pk": "79b4qjd7d2yci5rrmn6vrlgyq8vsutpl", "fields": {"session_data": "NDMxMTBmMDM3MWZkYWZhY2NmMjZmOTE3MDZjZGU5Y2EzZjVmNGU5ZTp7Il9hdXRoX3VzZXJfaWQiOiIxIiwiX2F1dGhfdXNlcl9iYWNrZW5kIjoiZGphbmdvLmNvbnRyaWIuYXV0aC5iYWNrZW5kcy5Nb2RlbEJhY2tlbmQiLCJfYXV0aF91c2VyX2hhc2giOiIwMGQzYmQxYTZjNWQyYWQzMzE4OGViNTQ5NDk0MzU5MmI0MGZmMzk0In0=", "expire_date": "2019-12-24T02:19:16.501Z"}}, {"model": "sessions.session", "pk": "8ta1mlzpturzenwe8nvjs6wpaj1bu0xq", "fields": {"session_data": "NDMxMTBmMDM3MWZkYWZhY2NmMjZmOTE3MDZjZGU5Y2EzZjVmNGU5ZTp7Il9hdXRoX3VzZXJfaWQiOiIxIiwiX2F1dGhfdXNlcl9iYWNrZW5kIjoiZGphbmdvLmNvbnRyaWIuYXV0aC5iYWNrZW5kcy5Nb2RlbEJhY2tlbmQiLCJfYXV0aF91c2VyX2hhc2giOiIwMGQzYmQxYTZjNWQyYWQzMzE4OGViNTQ5NDk0MzU5MmI0MGZmMzk0In0=", "expire_date": "2019-12-15T03:41:58.338Z"}}, {"model": "sessions.session", "pk": "ah4zxiuexulpbntr5lcg649x9869ckzo", "fields": {"session_data": "NDMxMTBmMDM3MWZkYWZhY2NmMjZmOTE3MDZjZGU5Y2EzZjVmNGU5ZTp7Il9hdXRoX3VzZXJfaWQiOiIxIiwiX2F1dGhfdXNlcl9iYWNrZW5kIjoiZGphbmdvLmNvbnRyaWIuYXV0aC5iYWNrZW5kcy5Nb2RlbEJhY2tlbmQiLCJfYXV0aF91c2VyX2hhc2giOiIwMGQzYmQxYTZjNWQyYWQzMzE4OGViNTQ5NDk0MzU5MmI0MGZmMzk0In0=", "expire_date": "2019-10-23T17:29:01.421Z"}}, {"model": "sessions.session", "pk": "bltws8r0ea8804g1canfphub5wo3hi4b", "fields": {"session_data": "MmJhMWY5MWMxYTFjN2QzZDE0ZjhlYmRjNWMwMThjNGU0MmNhNGI4Mzp7InVzZXJuYW1lIjoiYW5uZXdhbmciLCJfYXV0aF91c2VyX2lkIjoiNyIsIl9hdXRoX3VzZXJfYmFja2VuZCI6ImRqYW5nby5jb250cmliLmF1dGguYmFja2VuZHMuTW9kZWxCYWNrZW5kIiwiX2F1dGhfdXNlcl9oYXNoIjoiN2FjMDRlNzk3YTIwMWZjMGMzNmJkY2UxNjJmMjhlNWU2YTEwZjQwZSIsImxhc3RfbG9naW4iOiJMYXN0IExvZ2luOiAyOS0xMSAtMjAxOSAoMDM6MDI6MzYpIiwiX3Nlc3Npb25fZXhwaXJ5IjozNjAwfQ==", "expire_date": "2019-11-29T09:02:36.049Z"}}, {"model": "sessions.session", "pk": "c4xuf8p8jdss0pfq4eny591xhi2ci9zo", "fields": {"session_data": "NDMxMTBmMDM3MWZkYWZhY2NmMjZmOTE3MDZjZGU5Y2EzZjVmNGU5ZTp7Il9hdXRoX3VzZXJfaWQiOiIxIiwiX2F1dGhfdXNlcl9iYWNrZW5kIjoiZGphbmdvLmNvbnRyaWIuYXV0aC5iYWNrZW5kcy5Nb2RlbEJhY2tlbmQiLCJfYXV0aF91c2VyX2hhc2giOiIwMGQzYmQxYTZjNWQyYWQzMzE4OGViNTQ5NDk0MzU5MmI0MGZmMzk0In0=", "expire_date": "2019-12-13T02:46:59.222Z"}}, {"model": "sessions.session", "pk": "crx6tqjuc926xra3fe05ug50b7osonxh", "fields": {"session_data": "NDMxMTBmMDM3MWZkYWZhY2NmMjZmOTE3MDZjZGU5Y2EzZjVmNGU5ZTp7Il9hdXRoX3VzZXJfaWQiOiIxIiwiX2F1dGhfdXNlcl9iYWNrZW5kIjoiZGphbmdvLmNvbnRyaWIuYXV0aC5iYWNrZW5kcy5Nb2RlbEJhY2tlbmQiLCJfYXV0aF91c2VyX2hhc2giOiIwMGQzYmQxYTZjNWQyYWQzMzE4OGViNTQ5NDk0MzU5MmI0MGZmMzk0In0=", "expire_date": "2019-10-13T23:37:10.820Z"}}, {"model": "sessions.session", "pk": "eret366fui9shak4zxphefdwvhesa0in", "fields": {"session_data": "NDMxMTBmMDM3MWZkYWZhY2NmMjZmOTE3MDZjZGU5Y2EzZjVmNGU5ZTp7Il9hdXRoX3VzZXJfaWQiOiIxIiwiX2F1dGhfdXNlcl9iYWNrZW5kIjoiZGphbmdvLmNvbnRyaWIuYXV0aC5iYWNrZW5kcy5Nb2RlbEJhY2tlbmQiLCJfYXV0aF91c2VyX2hhc2giOiIwMGQzYmQxYTZjNWQyYWQzMzE4OGViNTQ5NDk0MzU5MmI0MGZmMzk0In0=", "expire_date": "2019-12-24T02:17:18.402Z"}}, {"model": "sessions.session", "pk": "gywbfx1496zttdx1ulw39vve523o7lgx", "fields": {"session_data": "NDMxMTBmMDM3MWZkYWZhY2NmMjZmOTE3MDZjZGU5Y2EzZjVmNGU5ZTp7Il9hdXRoX3VzZXJfaWQiOiIxIiwiX2F1dGhfdXNlcl9iYWNrZW5kIjoiZGphbmdvLmNvbnRyaWIuYXV0aC5iYWNrZW5kcy5Nb2RlbEJhY2tlbmQiLCJfYXV0aF91c2VyX2hhc2giOiIwMGQzYmQxYTZjNWQyYWQzMzE4OGViNTQ5NDk0MzU5MmI0MGZmMzk0In0=", "expire_date": "2019-12-09T06:00:02.745Z"}}, {"model": "sessions.session", "pk": "h2r3sc8wi73eysr9zrysoropf3us1cdq", "fields": {"session_data": "NDMxMTBmMDM3MWZkYWZhY2NmMjZmOTE3MDZjZGU5Y2EzZjVmNGU5ZTp7Il9hdXRoX3VzZXJfaWQiOiIxIiwiX2F1dGhfdXNlcl9iYWNrZW5kIjoiZGphbmdvLmNvbnRyaWIuYXV0aC5iYWNrZW5kcy5Nb2RlbEJhY2tlbmQiLCJfYXV0aF91c2VyX2hhc2giOiIwMGQzYmQxYTZjNWQyYWQzMzE4OGViNTQ5NDk0MzU5MmI0MGZmMzk0In0=", "expire_date": "2019-12-20T03:06:27.919Z"}}, {"model": "sessions.session", "pk": "iwxmejiwmv14gfra8ks4vt813863kijw", "fields": {"session_data": "NDMxMTBmMDM3MWZkYWZhY2NmMjZmOTE3MDZjZGU5Y2EzZjVmNGU5ZTp7Il9hdXRoX3VzZXJfaWQiOiIxIiwiX2F1dGhfdXNlcl9iYWNrZW5kIjoiZGphbmdvLmNvbnRyaWIuYXV0aC5iYWNrZW5kcy5Nb2RlbEJhY2tlbmQiLCJfYXV0aF91c2VyX2hhc2giOiIwMGQzYmQxYTZjNWQyYWQzMzE4OGViNTQ5NDk0MzU5MmI0MGZmMzk0In0=", "expire_date": "2019-12-17T23:25:07.077Z"}}, {"model": "sessions.session", "pk": "jipl0yqu707zh765fjlbspie7qyrfkug", "fields": {"session_data": "Mzc3ZGJhZjI0ZWMyMmY0NjcxYWNkMzQ2Y2JlY2MyZWY3NDJiODI3Njp7InVzZXJuYW1lIjoiYmlsbHdhbmciLCJsYXN0X2xvZ2luIjoiTGFzdCBMb2dpbjogMjUtTm92LTIwMTkgKDAyOjUyOjMxKSIsIl9zZXNzaW9uX2V4cGlyeSI6MzYwMCwiX2F1dGhfdXNlcl9pZCI6IjEiLCJfYXV0aF91c2VyX2JhY2tlbmQiOiJkamFuZ28uY29udHJpYi5hdXRoLmJhY2tlbmRzLk1vZGVsQmFja2VuZCIsIl9hdXRoX3VzZXJfaGFzaCI6IjAwZDNiZDFhNmM1ZDJhZDMzMTg4ZWI1NDk0OTQzNTkyYjQwZmYzOTQifQ==", "expire_date": "2019-11-25T08:52:31.271Z"}}, {"model": "sessions.session", "pk": "m1bg8jgue1cjexn3ucco6g4akqr54z3e", "fields": {"session_data": "OWQwYjhiZjZiNjY0NTcwMjY5ODQ0MWZiNWMxOTZmNDI0MWQ4ZThmMTp7InVzZXJuYW1lIjoiYW5uZXdhbmciLCJfYXV0aF91c2VyX2lkIjoiNyIsIl9hdXRoX3VzZXJfYmFja2VuZCI6ImRqYW5nby5jb250cmliLmF1dGguYmFja2VuZHMuTW9kZWxCYWNrZW5kIiwiX2F1dGhfdXNlcl9oYXNoIjoiN2FjMDRlNzk3YTIwMWZjMGMzNmJkY2UxNjJmMjhlNWU2YTEwZjQwZSIsImxhc3RfbG9naW4iOiJMYXN0IExvZ2luOiAwNC0xMiAtMjAxOSAoMDE6MjM6NDkpIiwiX3Nlc3Npb25fZXhwaXJ5IjozNjAwfQ==", "expire_date": "2019-12-04T07:23:49.966Z"}}, {"model": "sessions.session", "pk": "m7jq11w5yuv3w47ljsjctx1mc27ohu0a", "fields": {"session_data": "NDMxMTBmMDM3MWZkYWZhY2NmMjZmOTE3MDZjZGU5Y2EzZjVmNGU5ZTp7Il9hdXRoX3VzZXJfaWQiOiIxIiwiX2F1dGhfdXNlcl9iYWNrZW5kIjoiZGphbmdvLmNvbnRyaWIuYXV0aC5iYWNrZW5kcy5Nb2RlbEJhY2tlbmQiLCJfYXV0aF91c2VyX2hhc2giOiIwMGQzYmQxYTZjNWQyYWQzMzE4OGViNTQ5NDk0MzU5MmI0MGZmMzk0In0=", "expire_date": "2019-12-17T23:50:51.460Z"}}, {"model": "sessions.session", "pk": "mnvgi7yd7zz1821yurb2b9xvyfpk043s", "fields": {"session_data": "NWI3ZGMwNmMzMGVmOTIwYjQyYzE2YWI2YzEyY2UxMjhkMzk1NTA0ZDp7InVzZXJuYW1lIjoiYW5uZXdhbmciLCJfYXV0aF91c2VyX2lkIjoiNyIsIl9hdXRoX3VzZXJfYmFja2VuZCI6ImRqYW5nby5jb250cmliLmF1dGguYmFja2VuZHMuTW9kZWxCYWNrZW5kIiwiX2F1dGhfdXNlcl9oYXNoIjoiN2FjMDRlNzk3YTIwMWZjMGMzNmJkY2UxNjJmMjhlNWU2YTEwZjQwZSIsImxhc3RfbG9naW4iOiJMYXN0IExvZ2luOiAwNC0xMiAtMjAxOSAoMDA6MTg6MzYpIiwiX3Nlc3Npb25fZXhwaXJ5IjozNjAwfQ==", "expire_date": "2019-12-04T06:18:36.995Z"}}, {"model": "sessions.session", "pk": "noiz2ky69zp0vgfwohp54jtpw0lhlzf2", "fields": {"session_data": "NDMxMTBmMDM3MWZkYWZhY2NmMjZmOTE3MDZjZGU5Y2EzZjVmNGU5ZTp7Il9hdXRoX3VzZXJfaWQiOiIxIiwiX2F1dGhfdXNlcl9iYWNrZW5kIjoiZGphbmdvLmNvbnRyaWIuYXV0aC5iYWNrZW5kcy5Nb2RlbEJhY2tlbmQiLCJfYXV0aF91c2VyX2hhc2giOiIwMGQzYmQxYTZjNWQyYWQzMzE4OGViNTQ5NDk0MzU5MmI0MGZmMzk0In0=", "expire_date": "2019-12-18T07:41:22.442Z"}}, {"model": "sessions.session", "pk": "o1nlb0bnl0kjl6i5phs55gyft2j43kkx", "fields": {"session_data": "NDI5ZWMyNzVlNmRkZTIyMDc0MjI5MWM2N2I5MjA3YmY4ZjUwODg5Nzp7InVzZXJuYW1lIjoiYW5uZXdhbmciLCJfYXV0aF91c2VyX2lkIjoiNyIsIl9hdXRoX3VzZXJfYmFja2VuZCI6ImRqYW5nby5jb250cmliLmF1dGguYmFja2VuZHMuTW9kZWxCYWNrZW5kIiwiX2F1dGhfdXNlcl9oYXNoIjoiN2FjMDRlNzk3YTIwMWZjMGMzNmJkY2UxNjJmMjhlNWU2YTEwZjQwZSIsImxhc3RfbG9naW4iOiJMYXN0IExvZ2luOiAwNC0xMiAtMjAxOSAoMDE6MjM6NTEpIiwiX3Nlc3Npb25fZXhwaXJ5IjozNjAwfQ==", "expire_date": "2019-12-04T07:23:51.855Z"}}, {"model": "sessions.session", "pk": "psdrl51snjnu965igi3c6y6fptztoqnj", "fields": {"session_data": "OThkN2JjMjBiNWM0MDU4YTk3MjVhY2Q2ZmQwOTlmNzhiNjZmMDE2MTp7InVzZXJuYW1lIjoiYW5uZXdhbmciLCJfYXV0aF91c2VyX2lkIjoiNyIsIl9hdXRoX3VzZXJfYmFja2VuZCI6ImRqYW5nby5jb250cmliLmF1dGguYmFja2VuZHMuTW9kZWxCYWNrZW5kIiwiX2F1dGhfdXNlcl9oYXNoIjoiN2FjMDRlNzk3YTIwMWZjMGMzNmJkY2UxNjJmMjhlNWU2YTEwZjQwZSIsImxhc3RfbG9naW4iOiJMYXN0IExvZ2luOiAwOS0xMiAtMjAxOSAoMjM6MTQ6NTkpIiwiX3Nlc3Npb25fZXhwaXJ5IjozNjAwfQ==", "expire_date": "2019-12-10T05:14:59.831Z"}}, {"model": "sessions.session", "pk": "pt3b2l6vy4fb5q6m9z1nzqozbrpl14l9", "fields": {"session_data": "NDMxMTBmMDM3MWZkYWZhY2NmMjZmOTE3MDZjZGU5Y2EzZjVmNGU5ZTp7Il9hdXRoX3VzZXJfaWQiOiIxIiwiX2F1dGhfdXNlcl9iYWNrZW5kIjoiZGphbmdvLmNvbnRyaWIuYXV0aC5iYWNrZW5kcy5Nb2RlbEJhY2tlbmQiLCJfYXV0aF91c2VyX2hhc2giOiIwMGQzYmQxYTZjNWQyYWQzMzE4OGViNTQ5NDk0MzU5MmI0MGZmMzk0In0=", "expire_date": "2019-11-11T17:40:02.268Z"}}, {"model": "sessions.session", "pk": "qtoghgr7jjk1nqkmnjnr866a8q8b0h45", "fields": {"session_data": "NDMxMTBmMDM3MWZkYWZhY2NmMjZmOTE3MDZjZGU5Y2EzZjVmNGU5ZTp7Il9hdXRoX3VzZXJfaWQiOiIxIiwiX2F1dGhfdXNlcl9iYWNrZW5kIjoiZGphbmdvLmNvbnRyaWIuYXV0aC5iYWNrZW5kcy5Nb2RlbEJhY2tlbmQiLCJfYXV0aF91c2VyX2hhc2giOiIwMGQzYmQxYTZjNWQyYWQzMzE4OGViNTQ5NDk0MzU5MmI0MGZmMzk0In0=", "expire_date": "2019-12-16T19:55:27.117Z"}}, {"model": "sessions.session", "pk": "rrq5bw7jmf1yolsu0bhe3na7k5nq6ypi", "fields": {"session_data": "NDMxMTBmMDM3MWZkYWZhY2NmMjZmOTE3MDZjZGU5Y2EzZjVmNGU5ZTp7Il9hdXRoX3VzZXJfaWQiOiIxIiwiX2F1dGhfdXNlcl9iYWNrZW5kIjoiZGphbmdvLmNvbnRyaWIuYXV0aC5iYWNrZW5kcy5Nb2RlbEJhY2tlbmQiLCJfYXV0aF91c2VyX2hhc2giOiIwMGQzYmQxYTZjNWQyYWQzMzE4OGViNTQ5NDk0MzU5MmI0MGZmMzk0In0=", "expire_date": "2019-12-24T02:17:50.598Z"}}, {"model": "sessions.session", "pk": "teol6yftacs8eqff0r21ul07h2jat5ub", "fields": {"session_data": "NDMxMTBmMDM3MWZkYWZhY2NmMjZmOTE3MDZjZGU5Y2EzZjVmNGU5ZTp7Il9hdXRoX3VzZXJfaWQiOiIxIiwiX2F1dGhfdXNlcl9iYWNrZW5kIjoiZGphbmdvLmNvbnRyaWIuYXV0aC5iYWNrZW5kcy5Nb2RlbEJhY2tlbmQiLCJfYXV0aF91c2VyX2hhc2giOiIwMGQzYmQxYTZjNWQyYWQzMzE4OGViNTQ5NDk0MzU5MmI0MGZmMzk0In0=", "expire_date": "2019-12-17T23:24:26.863Z"}}, {"model": "sessions.session", "pk": "tlso3q6u0qfb8czldjgdo8jcm60ddv8i", "fields": {"session_data": "NjI0Y2RmZjc4MzNlNzEzZjkzMTQzODE5ZjEyY2JhNjA3ZjliYTViMTp7InVzZXJuYW1lIjoiYW5uZXdhbmciLCJfYXV0aF91c2VyX2lkIjoiNyIsIl9hdXRoX3VzZXJfYmFja2VuZCI6ImRqYW5nby5jb250cmliLmF1dGguYmFja2VuZHMuTW9kZWxCYWNrZW5kIiwiX2F1dGhfdXNlcl9oYXNoIjoiN2FjMDRlNzk3YTIwMWZjMGMzNmJkY2UxNjJmMjhlNWU2YTEwZjQwZSIsImxhc3RfbG9naW4iOiJMYXN0IExvZ2luOiAwMi0xMiAtMjAxOSAoMTY6MTg6MjIpIiwiX3Nlc3Npb25fZXhwaXJ5IjozNjAwfQ==", "expire_date": "2019-12-02T22:18:22.637Z"}}, {"model": "sessions.session", "pk": "tvpbb08orpvn3nvnvki6845s8grr1o6l", "fields": {"session_data": "NDMxMTBmMDM3MWZkYWZhY2NmMjZmOTE3MDZjZGU5Y2EzZjVmNGU5ZTp7Il9hdXRoX3VzZXJfaWQiOiIxIiwiX2F1dGhfdXNlcl9iYWNrZW5kIjoiZGphbmdvLmNvbnRyaWIuYXV0aC5iYWNrZW5kcy5Nb2RlbEJhY2tlbmQiLCJfYXV0aF91c2VyX2hhc2giOiIwMGQzYmQxYTZjNWQyYWQzMzE4OGViNTQ5NDk0MzU5MmI0MGZmMzk0In0=", "expire_date": "2019-12-02T08:29:47.431Z"}}, {"model": "sessions.session", "pk": "ush7229sgy8whx8jcqjw74uq4vcpbaan", "fields": {"session_data": "NWM5YmI2MjIwNmUxYmNmNzc1Y2QwMGI4NWExZWM1NzU0MTAwNjExNzp7Il9hdXRoX3VzZXJfaWQiOiI3IiwiX2F1dGhfdXNlcl9iYWNrZW5kIjoiZGphbmdvLmNvbnRyaWIuYXV0aC5iYWNrZW5kcy5Nb2RlbEJhY2tlbmQiLCJfYXV0aF91c2VyX2hhc2giOiI3YWMwNGU3OTdhMjAxZmMwYzM2YmRjZTE2MmYyOGU1ZTZhMTBmNDBlIiwibGFzdF9sb2dpbiI6Ikxhc3QgTG9naW46IDAyLTEyIC0yMDE5ICgxNDo1NjozNSkiLCJfc2Vzc2lvbl9leHBpcnkiOjM2MDB9", "expire_date": "2019-12-02T20:56:35.153Z"}}, {"model": "sessions.session", "pk": "v9i02rbf3dyrh27my6x4zwnipcdfvvu1", "fields": {"session_data": "NDMxMTBmMDM3MWZkYWZhY2NmMjZmOTE3MDZjZGU5Y2EzZjVmNGU5ZTp7Il9hdXRoX3VzZXJfaWQiOiIxIiwiX2F1dGhfdXNlcl9iYWNrZW5kIjoiZGphbmdvLmNvbnRyaWIuYXV0aC5iYWNrZW5kcy5Nb2RlbEJhY2tlbmQiLCJfYXV0aF91c2VyX2hhc2giOiIwMGQzYmQxYTZjNWQyYWQzMzE4OGViNTQ5NDk0MzU5MmI0MGZmMzk0In0=", "expire_date": "2019-10-13T22:31:24.724Z"}}, {"model": "sessions.session", "pk": "y1l626mqxyy1nveb6fu88rej74i4c8m4", "fields": {"session_data": "NDMxMTBmMDM3MWZkYWZhY2NmMjZmOTE3MDZjZGU5Y2EzZjVmNGU5ZTp7Il9hdXRoX3VzZXJfaWQiOiIxIiwiX2F1dGhfdXNlcl9iYWNrZW5kIjoiZGphbmdvLmNvbnRyaWIuYXV0aC5iYWNrZW5kcy5Nb2RlbEJhY2tlbmQiLCJfYXV0aF91c2VyX2hhc2giOiIwMGQzYmQxYTZjNWQyYWQzMzE4OGViNTQ5NDk0MzU5MmI0MGZmMzk0In0=", "expire_date": "2019-12-13T02:30:30.404Z"}}, {"model": "sessions.session", "pk": "yh9hohc5y5dqlmawcadc3junbe36fck8", "fields": {"session_data": "NjkyN2NkNGM4Y2I0Y2YwN2VlMjFkOGI1ODhhMjFlN2Q3ZWE4M2ZiYzp7Il9hdXRoX3VzZXJfaWQiOiI3IiwiX2F1dGhfdXNlcl9iYWNrZW5kIjoiZGphbmdvLmNvbnRyaWIuYXV0aC5iYWNrZW5kcy5Nb2RlbEJhY2tlbmQiLCJfYXV0aF91c2VyX2hhc2giOiI3YWMwNGU3OTdhMjAxZmMwYzM2YmRjZTE2MmYyOGU1ZTZhMTBmNDBlIiwibGFzdF9sb2dpbiI6Ikxhc3QgTG9naW46IDI1LTExIC0yMDE5ICgxMzozNjowNikiLCJfc2Vzc2lvbl9leHBpcnkiOjM2MDAsInVzZXJuYW1lIjoiYW5uZXdhbmcifQ==", "expire_date": "2019-11-25T19:36:06.831Z"}}, {"model": "sessions.session", "pk": "zyqg7lj03lgpo5968eygf670sk1746rb", "fields": {"session_data": "ZGY4ZjdhMzBiYWFhMWZmNDIzYTA4YzJlMTkwYzNlNDg5YzgxMjRiYzp7Il9hdXRoX3VzZXJfaWQiOiI0IiwiX2F1dGhfdXNlcl9iYWNrZW5kIjoiZGphbmdvLmNvbnRyaWIuYXV0aC5iYWNrZW5kcy5Nb2RlbEJhY2tlbmQiLCJfYXV0aF91c2VyX2hhc2giOiJjZGE3NzEyMDkwNmEyZjliMmE2NWNmYzg3NTE2ZjNlMjBjZjdkOTI3IiwibGFzdF9sb2dpbiI6Ikxhc3QgTG9naW46IDI1LTExIC0yMDE5ICgxMTowODo1MSkiLCJfc2Vzc2lvbl9leHBpcnkiOjM2MDB9", "expire_date": "2019-11-25T17:08:51.131Z"}}, {"model": "myapp.publisher", "pk": 1, "fields": {"name": "Wiley", "website": "https://www.wiley.com/", "city": "Hoboken", "country": "USA"}}, {"model": "myapp.publisher", "pk": 2, "fields": {"name": "Pearson", "website": "https://www.pearson.com/", "city": "London", "country": "England"}}, {"model": "myapp.publisher", "pk": 3, "fields": {"name": "Random House", "website": "http://www.randomhousebooks.com/", "city": "New York", "country": "USA"}}, {"model": "myapp.book", "pk": 1, "fields": {"title": "Advanced Optical Networks", "category": "S", "description": "", "num_pages": 110, "price": "98.99", "publisher": 1, "num_reviews": 4, "book_photo": "photos/2019/12/01/book/advanced.jpg"}}, {"model": "myapp.book", "pk": 2, "fields": {"title": "Wireless Networks", "category": "S", "description": "", "num_pages": 300, "price": "187.54", "publisher": 2, "num_reviews": 2, "book_photo": "photos/2019/12/01/book/wireless.jpg"}}, {"model": "myapp.book", "pk": 3, "fields": {"title": "A New World", "category": "T", "description": "", "num_pages": 75, "price": "60.00", "publisher": 3, "num_reviews": 1, "book_photo": "photos/2019/12/01/book/new.png"}}, {"model": "myapp.book", "pk": 4, "fields": {"title": "Python Programming", "category": "S", "description": "", "num_pages": 275, "price": "125.99", "publisher": 2, "num_reviews": 1, "book_photo": "photos/2019/12/01/book/python.png"}}, {"model": "myapp.book", "pk": 5, "fields": {"title": "A Good Story", "category": "F", "description": "", "num_pages": 155, "price": "25.00", "publisher": 3, "num_reviews": 2, "book_photo": "photos/2019/12/01/book/good.png"}}, {"model": "myapp.book", "pk": 6, "fields": {"title": "Jane Austen", "category": "B", "description": "", "num_pages": 360, "price": "45.50", "publisher": 3, "num_reviews": 0, "book_photo": "photos/2019/12/01/book/austen.jpg"}}, {"model": "myapp.book", "pk": 7, "fields": {"title": "Jane Eyre", "category": "F", "description": "", "num_pages": 280, "price": "19.99", "publisher": 3, "num_reviews": 0, "book_photo": "photos/2019/12/01/book/jane.png"}}, {"model": "myapp.book", "pk": 8, "fields": {"title": "Art History", "category": "O", "description": "", "num_pages": 430, "price": "157.00", "publisher": 1, "num_reviews": 1, "book_photo": "photos/2019/12/01/book/art.png"}}, {"model": "myapp.review", "pk": 1, "fields": {"reviewer": "jaggirh@uwindsor.ca", "book": 2, "rating": 6, "comments": "ok", "date": "2019-11-18"}}, {"model": "myapp.review", "pk": 2, "fields": {"reviewer": "jaggirh@uwindsor.ca", "book": 2, "rating": 6, "comments": "ok", "date": "2019-11-18"}}, {"model": "myapp.review", "pk": 3, "fields": {"reviewer": "jaggirh@uwindsor.ca", "book": 2, "rating": 6, "comments": "ok", "date": "2019-11-18"}}, {"model": "myapp.review", "pk": 4, "fields": {"reviewer": "jaggirh@uwindsor.ca", "book": 2, "rating": 6, "comments": "ok", "date": "2019-11-18"}}, {"model": "myapp.review", "pk": 5, "fields": {"reviewer": "jaggirh@uwindsor.ca", "book": 2, "rating": 6, "comments": "ok", "date": "2019-11-18"}}, {"model": "myapp.review", "pk": 6, "fields": {"reviewer": "jaggirh@uwindsor.ca", "book": 2, "rating": 6, "comments": "ok", "date": "2019-11-18"}}, {"model": "myapp.review", "pk": 7, "fields": {"reviewer": "jaggirh@uwindsor.ca", "book": 2, "rating": 5, "comments": "ok", "date": "2019-11-18"}}, {"model": "myapp.review", "pk": 8, "fields": {"reviewer": "jaggirh@uwindsor.ca", "book": 1, "rating": 4, "comments": "ok", "date": "2019-11-18"}}, {"model": "myapp.review", "pk": 9, "fields": {"reviewer": "jaggirh@uwindsor.ca", "book": 1, "rating": 5, "comments": "", "date": "2019-12-02"}}, {"model": "myapp.review", "pk": 10, "fields": {"reviewer": "jaggirh@uwindsor.ca", "book": 3, "rating": 4, "comments": "", "date": "2019-12-02"}}, {"model": "myapp.review", "pk": 11, "fields": {"reviewer": "jaggirh@uwindsor.ca", "book": 5, "rating": 5, "comments": "", "date": "2019-12-02"}}, {"model": "myapp.review", "pk": 12, "fields": {"reviewer": "annewang@gmail.com", "book": 2, "rating": 5, "comments": "", "date": "2019-12-02"}}, {"model": "myapp.review", "pk": 13, "fields": {"reviewer": "annewang@gmail.com", "book": 5, "rating": 2, "comments": "", "date": "2019-12-02"}}, {"model": "myapp.review", "pk": 14, "fields": {"reviewer": "annewang@gmail.com", "book": 1, "rating": 4, "comments": "", "date": "2019-12-02"}}, {"model": "myapp.review", "pk": 15, "fields": {"reviewer": "annewang@gmail.com", "book": 1, "rating": 4, "comments": "", "date": "2019-12-02"}}, {"model": "myapp.review", "pk": 16, "fields": {"reviewer": "annewang@gmail.com", "book": 8, "rating": 4, "comments": "", "date": "2019-12-10"}}, {"model": "myapp.review", "pk": 17, "fields": {"reviewer": "annewang@gmail.com", "book": 4, "rating": 3, "comments": "", "date": "2019-12-10"}}, {"model": "auth.permission", "pk": 1, "fields": {"name": "Can add log entry", "content_type": 1, "codename": "add_logentry"}}, {"model": "auth.permission", "pk": 2, "fields": {"name": "Can change log entry", "content_type": 1, "codename": "change_logentry"}}, {"model": "auth.permission", "pk": 3, "fields": {"name": "Can delete log entry", "content_type": 1, "codename": "delete_logentry"}}, {"model": "auth.permission", "pk": 4, "fields": {"name": "Can view log entry", "content_type": 1, "codename": "view_logentry"}}, {"model": "auth.permission", "pk": 5, "fields": {"name": "Can add permission", "content_type": 2, "codename": "add_permission"}}, {"model": "auth.permission", "pk": 6, "fields": {"name": "Can change permission", "content_type": 2, "codename": "change_permission"}}, {"model": "auth.permission", "pk": 7, "fields": {"name": "Can delete permission", "content_type": 2, "codename": "delete_permission"}}, {"model": "auth.permission", "pk": 8, "fields": {"name": "Can view permission", "content_type": 2, "codename": "view_permission"}}, {"model": "auth.permission", "pk": 9, "fields": {"name": "Can add group", "content_type": 3, "codename": "add_group"}}, {"model": "auth.permission", "pk": 10, "fields": {"name": "Can change group", "content_type": 3, "codename": "change_group"}}, {"model": "auth.permission", "pk": 11, "fields": {"name": "Can delete group", "content_type": 3, "codename": "delete_group"}}, {"model": "auth.permission", "pk": 12, "fields": {"name": "Can view group", "content_type": 3, "codename": "view_group"}}, {"model": "auth.permission", "pk": 13, "fields": {"name": "Can add user", "content_type": 4, "codename": "add_user"}}, {"model": "auth.permission", "pk": 14, "fields": {"name": "Can change user", "content_type": 4, "codename": "change_user"}}, {"model": "auth.permission", "pk": 15, "fields": {"name": "Can delete user", "content_type": 4, "codename": "delete_user"}}, {"model": "auth.permission", "pk": 16, "fields": {"name": "Can view user", "content_type": 4, "codename": "view_user"}}, {"model": "auth.permission", "pk": 17, "fields": {"name": "Can add content type", "content_type": 5, "codename": "add_contenttype"}}, {"model": "auth.permission", "pk": 18, "fields": {"name": "Can change content type", "content_type": 5, "codename": "change_contenttype"}}, {"model": "auth.permission", "pk": 19, "fields": {"name": "Can delete content type", "content_type": 5, "codename": "delete_contenttype"}}, {"model": "auth.permission", "pk": 20, "fields": {"name": "Can view content type", "content_type": 5, "codename": "view_contenttype"}}, {"model": "auth.permission", "pk": 21, "fields": {"name": "Can add session", "content_type": 6, "codename": "add_session"}}, {"model": "auth.permission", "pk": 22, "fields": {"name": "Can change session", "content_type": 6, "codename": "change_session"}}, {"model": "auth.permission", "pk": 23, "fields": {"name": "Can delete session", "content_type": 6, "codename": "delete_session"}}, {"model": "auth.permission", "pk": 24, "fields": {"name": "Can view session", "content_type": 6, "codename": "view_session"}}, {"model": "auth.permission", "pk": 25, "fields": {"name": "Can add publisher", "content_type": 7, "codename": "add_publisher"}}, {"model": "auth.permission", "pk": 26, "fields": {"name": "Can change publisher", "content_type": 7, "codename": "change_publisher"}}, {"model": "auth.permission", "pk": 27, "fields": {"name": "Can delete publisher", "content_type": 7, "codename": "delete_publisher"}}, {"model": "auth.permission", "pk": 28, "fields": {"name": "Can view publisher", "content_type": 7, "codename": "view_publisher"}}, {"model": "auth.permission", "pk": 29, "fields": {"name": "Can add book", "content_type": 8, "codename": "add_book"}}, {"model": "auth.permission", "pk": 30, "fields": {"name": "Can change book", "content_type": 8, "codename": "change_book"}}, {"model": "auth.permission", "pk": 31, "fields": {"name": "Can delete book", "content_type": 8, "codename": "delete_book"}}, {"model": "auth.permission", "pk": 32, "fields": {"name": "Can view book", "content_type": 8, "codename": "view_book"}}, {"model": "auth.permission", "pk": 33, "fields": {"name": "Can add user", "content_type": 9, "codename": "add_member"}}, {"model": "auth.permission", "pk": 34, "fields": {"name": "Can change user", "content_type": 9, "codename": "change_member"}}, {"model": "auth.permission", "pk": 35, "fields": {"name": "Can delete user", "content_type": 9, "codename": "delete_member"}}, {"model": "auth.permission", "pk": 36, "fields": {"name": "Can view user", "content_type": 9, "codename": "view_member"}}, {"model": "auth.permission", "pk": 37, "fields": {"name": "Can add order", "content_type": 10, "codename": "add_order"}}, {"model": "auth.permission", "pk": 38, "fields": {"name": "Can change order", "content_type": 10, "codename": "change_order"}}, {"model": "auth.permission", "pk": 39, "fields": {"name": "Can delete order", "content_type": 10, "codename": "delete_order"}}, {"model": "auth.permission", "pk": 40, "fields": {"name": "Can view order", "content_type": 10, "codename": "view_order"}}, {"model": "auth.permission", "pk": 41, "fields": {"name": "Can add review", "content_type": 11, "codename": "add_review"}}, {"model": "auth.permission", "pk": 42, "fields": {"name": "Can change review", "content_type": 11, "codename": "change_review"}}, {"model": "auth.permission", "pk": 43, "fields": {"name": "Can delete review", "content_type": 11, "codename": "delete_review"}}, {"model": "auth.permission", "pk": 44, "fields": {"name": "Can view review", "content_type": 11, "codename": "view_review"}}, {"model": "auth.user", "pk": 1, "fields": {"password": "pbkdf2_sha256$150000$u0sU4pb7dzMY$YqPOIjoHE5ni3dvLW1GkfxwHQAsFrEKF+g3Bfm7ZQZA=", "last_login": "2019-12-10T03:55:58.842Z", "is_superuser": true, "username": "admin", "first_name": "", "last_name": "", "email": "jaggirh@uwindsor.ca", "is_staff": true, "is_active": true, "date_joined": "2019-09-23T17:37:22.942Z", "groups": [], "user_permissions": []}}, {"model": "auth.user", "pk": 2, "fields": {"password": "smith", "last_login": null, "is_superuser": false, "username": "johnsmith", "first_name": "John Smith", "last_name": "", "email": "", "is_staff": false, "is_active": true, "date_joined": "2019-09-30T17:20:08Z", "groups": [], "user_permissions": []}}, {"model": "auth.user", "pk": 3, "fields": {"password": "maryhall", "last_login": null, "is_superuser": false, "username": "maryhall", "first_name": "Mary Hall", "last_name": "", "email": "", "is_staff": false, "is_active": true, "date_joined": "2019-09-30T17:22:07Z", "groups": [], "user_permissions": []}}, {"model": "auth.user", "pk": 4, "fields": {"password": "pbkdf2_sha256$150000$R483xPl6uKL9$kblVJHpkn/BA9iAcSp6Z63DbS66ZHxUSbhgDVFZf5aI=", "last_login": "2019-11-25T18:03:39.408Z", "is_superuser": false, "username": "alan@1", "first_name": "Alan Jones", "last_name": "", "email": "", "is_staff": false, "is_active": true, "date_joined": "2019-09-30T17:23:28Z", "groups": [], "user_permissions": []}}, {"model": "auth.user", "pk": 5, "fields": {"password": "pbkdf2_sha256$150000$KdT0hwV4afRh$tCas/xAOG3GT5gA748hgPF++T0LKUoCnvh4vH9yc0OU=", "last_login": "2019-12-06T03:29:25.730Z", "is_superuser": false, "username": "joshjones", "first_name": "Josh Jones", "last_name": "", "email": "", "is_staff": false, "is_active": true, "date_joined": "2019-09-30T17:24:32Z", "groups": [], "user_permissions": []}}, {"model": "auth.user", "pk": 6, "fields": {"password": "pbkdf2_sha256$150000$JeF7rPRe6njm$xt0QaimwvwV6TXhL4eHaEBhUasVztsnUfFFkp9KduT0=", "last_login": "2019-12-06T06:32:33.161Z", "is_superuser": false, "username": "billwang", "first_name": "Bill Wang", "last_name": "", "email": "", "is_staff": false, "is_active": true, "date_joined": "2019-09-30T17:26:05Z", "groups": [], "user_permissions": []}}, {"model": "auth.user", "pk": 7, "fields": {"password": "pbkdf2_sha256$150000$LIke3mv8vxD8$xUaM7kuWQaP0T3FQClzS9RBlgi5scFhwDEJxKQt5trk=", "last_login": "2019-12-10T04:14:59.742Z", "is_superuser": false, "username": "annewang", "first_name": "Anne Wang", "last_name": "", "email": "annewang@gmail.com", "is_staff": false, "is_active": true, "date_joined": "2019-09-30T17:27:11Z", "groups": [], "user_permissions": []}}, {"model": "auth.user", "pk": 8, "fields": {"password": "pbkdf2_sha256$150000$EnNUEh7u0E7a$sth7+2ejSV6AfIl+43sYBUbsB0HfRu1UfR1vawIi4F0=", "last_login": "2019-11-29T04:06:33.010Z", "is_superuser": false, "username": "sabihaj", "first_name": "sabi", "last_name": "J", "email": "sabihaj@gmail.com", "is_staff": false, "is_active": true, "date_joined": "2019-11-29T04:06:32.255Z", "groups": [], "user_permissions": []}}, {"model": "auth.user", "pk": 9, "fields": {"password": "pbkdf2_sha256$150000$JjKfDqBFyP6f$hQcQIBDTOyU7AuIuezT7v0iChMpZZQgO2rHH5DmMxek=", "last_login": "2019-11-29T04:18:18.776Z", "is_superuser": false, "username": "heer", "first_name": "heer", "last_name": "S", "email": "heer@uwindsor.ca", "is_staff": false, "is_active": true, "date_joined": "2019-11-29T04:18:17.933Z", "groups": [], "user_permissions": []}}, {"model": "myapp.member", "pk": 2, "fields": {"status": 2, "address": "University Avenue", "city": "Windsor", "province": "ON", "last_renewal": "2019-06-28", "auto_renew": true, "photo": "", "groups": [], "user_permissions": [], "borrowed_books": [1, 2, 3, 4, 5, 6]}}, {"model": "myapp.member", "pk": 3, "fields": {"status": 1, "address": "456 Sunset Avenue", "city": "Windsor", "province": "ON", "last_renewal": "2019-06-14", "auto_renew": true, "photo": "", "groups": [], "user_permissions": [], "borrowed_books": [1, 3, 7, 8]}}, {"model": "myapp.member", "pk": 4, "fields": {"status": 1, "address": "789 King Street", "city": "Calgary", "province": "AB", "last_renewal": "2019-07-22", "auto_renew": false, "photo": "", "groups": [], "user_permissions": [], "borrowed_books": [1, 2, 4, 7]}}, {"model": "myapp.member", "pk": 5, "fields": {"status": 3, "address": "456 Sunset Avenue", "city": "Montreal", "province": "QC", "last_renewal": "2019-06-10", "auto_renew": false, "photo": "", "groups": [], "user_permissions": [], "borrowed_books": []}}, {"model": "myapp.member", "pk": 6, "fields": {"status": 2, "address": "", "city": "Edmononton", "province": "AB", "last_renewal": "2019-09-30", "auto_renew": true, "photo": "", "groups": [], "user_permissions": [], "borrowed_books": [3, 5, 7, 8]}}, {"model": "myapp.member", "pk": 7, "fields": {"status": 2, "address": "102 Curry Avenue", "city": "Edmononton", "province": "AB", "last_renewal": "2019-08-02", "auto_renew": true, "photo": "", "groups": [], "user_permissions": [], "borrowed_books": []}}, {"model": "myapp.member", "pk": 8, "fields": {"status": 1, "address": "", "city": "Windsor", "province": "ON", "last_renewal": "2019-11-29", "auto_renew": true, "photo": "", "groups": [], "user_permissions": [], "borrowed_books": []}}, {"model": "myapp.member", "pk": 9, "fields": {"status": 1, "address": "", "city": "Windsor", "province": "ON", "last_renewal": "2019-11-29", "auto_renew": true, "photo": "", "groups": [], "user_permissions": [], "borrowed_books": []}}, {"model": "myapp.order", "pk": 1, "fields": {"member": 2, "order_type": 1, "order_date": "2019-07-02", "books": [1, 2]}}, {"model": "myapp.order", "pk": 2, "fields": {"member": 2, "order_type": 1, "order_date": "2019-06-19", "books": [3, 4]}}, {"model": "myapp.order", "pk": 3, "fields": {"member": 3, "order_type": 1, "order_date": "2019-07-02", "books": [1, 3]}}, {"model": "myapp.order", "pk": 4, "fields": {"member": 4, "order_type": 1, "order_date": "2019-07-24", "books": [2]}}, {"model": "myapp.order", "pk": 5, "fields": {"member": 6, "order_type": 1, "order_date": "2019-07-02", "books": [3, 7, 8]}}, {"model": "myapp.order", "pk": 6, "fields": {"member": 3, "order_type": 0, "order_date": "2019-06-25", "books": [5, 6]}}, {"model": "myapp.order", "pk": 7, "fields": {"member": 5, "order_type": 0, "order_date": "2019-07-02", "books": [5, 8]}}, {"model": "myapp.order", "pk": 8, "fields": {"member": 4, "order_type": 1, "order_date": "2019-10-09", "books": [6]}}, {"model": "myapp.order", "pk": 9, "fields": {"member": 2, "order_type": 0, "order_date": "2019-11-11", "books": []}}, {"model": "myapp.order", "pk": 10, "fields": {"member": 2, "order_type": 0, "order_date": "2019-11-11", "books": []}}, {"model": "myapp.order", "pk": 11, "fields": {"member": 3, "order_type": 0, "order_date": "2019-11-11", "books": []}}, {"model": "myapp.order", "pk": 12, "fields": {"member": 3, "order_type": 0, "order_date": "2019-11-11", "books": []}}, {"model": "myapp.order", "pk": 13, "fields": {"member": 2, "order_type": 0, "order_date": "2019-11-11", "books": []}}, {"model": "myapp.order", "pk": 14, "fields": {"member": 2, "order_type": 0, "order_date": "2019-11-11", "books": []}}, {"model": "myapp.order", "pk": 15, "fields": {"member": 3, "order_type": 0, "order_date": "2019-11-11", "books": []}}, {"model": "myapp.order", "pk": 16, "fields": {"member": 3, "order_type": 0, "order_date": "2019-11-11", "books": []}}, {"model": "myapp.order", "pk": 17, "fields": {"member": 2, "order_type": 0, "order_date": "2019-11-11", "books": []}}, {"model": "myapp.order", "pk": 18, "fields": {"member": 3, "order_type": 1, "order_date": "2019-11-11", "books": []}}, {"model": "myapp.order", "pk": 19, "fields": {"member": 3, "order_type": 1, "order_date": "2019-11-11", "books": []}}, {"model": "myapp.order", "pk": 20, "fields": {"member": 2, "order_type": 1, "order_date": "2019-11-11", "books": []}}, {"model": "myapp.order", "pk": 21, "fields": {"member": 2, "order_type": 1, "order_date": "2019-11-11", "books": []}}, {"model": "myapp.order", "pk": 22, "fields": {"member": 2, "order_type": 0, "order_date": "2019-11-11", "books": []}}, {"model": "myapp.order", "pk": 23, "fields": {"member": 2, "order_type": 0, "order_date": "2019-11-18", "books": []}}, {"model": "myapp.order", "pk": 24, "fields": {"member": 2, "order_type": 0, "order_date": "2019-11-18", "books": [1, 2, 3]}}, {"model": "myapp.order", "pk": 25, "fields": {"member": 2, "order_type": 0, "order_date": "2019-11-18", "books": [1, 3, 8]}}, {"model": "myapp.order", "pk": 26, "fields": {"member": 2, "order_type": 0, "order_date": "2019-11-18", "books": [1, 4]}}, {"model": "myapp.order", "pk": 27, "fields": {"member": 2, "order_type": 0, "order_date": "2019-11-18", "books": [1, 2, 3, 4, 5, 6, 7, 8]}}, {"model": "myapp.order", "pk": 28, "fields": {"member": 2, "order_type": 0, "order_date": "2019-11-18", "books": [1, 2, 3, 4, 5, 6, 7, 8]}}, {"model": "myapp.order", "pk": 29, "fields": {"member": 2, "order_type": 0, "order_date": "2019-11-18", "books": [1, 2, 3, 4, 5, 6, 7, 8]}}, {"model": "myapp.order", "pk": 30, "fields": {"member": 2, "order_type": 0, "order_date": "2019-11-18", "books": [1, 2, 3, 4, 5, 6, 7, 8]}}, {"model": "myapp.order", "pk": 31, "fields": {"member": 2, "order_type": 0, "order_date": "2019-11-18", "books": [1, 2, 3, 4, 5, 6, 7, 8]}}, {"model": "myapp.order", "pk": 32, "fields": {"member": 2, "order_type": 0, "order_date": "2019-11-18", "books": [1, 2, 3, 4, 5, 6, 7, 8]}}, {"model": "myapp.order", "pk": 33, "fields": {"member": 2, "order_type": 0, "order_date": "2019-11-18", "books": [1, 2, 3, 4, 5, 6, 7, 8]}}, {"model": "myapp.order", "pk": 34, "fields": {"member": 2, "order_type": 0, "order_date": "2019-11-18", "books": [1, 2, 3, 4, 5, 6, 7, 8]}}, {"model": "myapp.order", "pk": 35, "fields": {"member": 2, "order_type": 0, "order_date": "2019-11-18", "books": [1, 2, 3, 4, 5, 6, 7, 8]}}, {"model": "myapp.order", "pk": 36, "fields": {"member": 2, "order_type": 1, "order_date": "2019-11-18", "books": [1, 5]}}, {"model": "myapp.order", "pk": 37, "fields": {"member": 2, "order_type": 1, "order_date": "2019-11-18", "books": [1, 5]}}, {"model": "myapp.order", "pk": 38, "fields": {"member": 2, "order_type": 1, "order_date": "2019-11-18", "books": [1, 5]}}, {"model": "myapp.order", "pk": 39, "fields": {"member": 2, "order_type": 1, "order_date": "2019-11-18", "books": [1, 5]}}, {"model": "myapp.order", "pk": 40, "fields": {"member": 2, "order_type": 1, "order_date": "2019-11-18", "books": [1, 5]}}, {"model": "myapp.order", "pk": 41, "fields": {"member": 2, "order_type": 1, "order_date": "2019-11-18", "books": [1, 5]}}, {"model": "myapp.order", "pk": 42, "fields": {"member": 2, "order_type": 1, "order_date": "2019-11-18", "books": [1, 5]}}, {"model": "myapp.order", "pk": 43, "fields": {"member": 2, "order_type": 1, "order_date": "2019-11-18", "books": [1, 5]}}, {"model": "myapp.order", "pk": 44, "fields": {"member": 2, "order_type": 1, "order_date": "2019-11-18", "books": [1, 5]}}, {"model": "myapp.order", "pk": 45, "fields": {"member": 2, "order_type": 1, "order_date": "2019-11-18", "books": [1, 5]}}, {"model": "myapp.order", "pk": 46, "fields": {"member": 4, "order_type": 1, "order_date": "2019-11-18", "books": [2, 4, 7]}}, {"model": "myapp.order", "pk": 47, "fields": {"member": 4, "order_type": 1, "order_date": "2019-11-18", "books": [2, 4, 7]}}, {"model": "myapp.order", "pk": 48, "fields": {"member": 2, "order_type": 1, "order_date": "2019-11-18", "books": [1, 2, 6]}}, {"model": "myapp.order", "pk": 49, "fields": {"member": 2, "order_type": 1, "order_date": "2019-11-18", "books": [1, 2, 6]}}, {"model": "myapp.order", "pk": 50, "fields": {"member": 3, "order_type": 0, "order_date": "2019-11-18", "books": [3, 7, 8]}}, {"model": "myapp.order", "pk": 51, "fields": {"member": 3, "order_type": 0, "order_date": "2019-11-18", "books": [3, 7, 8]}}, {"model": "myapp.order", "pk": 52, "fields": {"member": 3, "order_type": 0, "order_date": "2019-11-18", "books": [3, 7, 8]}}, {"model": "myapp.order", "pk": 53, "fields": {"member": 3, "order_type": 0, "order_date": "2019-11-18", "books": [3, 7, 8]}}, {"model": "myapp.order", "pk": 54, "fields": {"member": 4, "order_type": 0, "order_date": "2019-11-18", "books": [3, 5]}}, {"model": "myapp.order", "pk": 55, "fields": {"member": 4, "order_type": 0, "order_date": "2019-11-18", "books": [3, 5]}}, {"model": "myapp.order", "pk": 56, "fields": {"member": 4, "order_type": 1, "order_date": "2019-11-18", "books": [1, 3]}}, {"model": "myapp.order", "pk": 57, "fields": {"member": 3, "order_type": 0, "order_date": "2019-11-18", "books": [5, 6, 7]}}, {"model": "myapp.order", "pk": 58, "fields": {"member": 3, "order_type": 0, "order_date": "2019-11-18", "books": [5, 6, 7]}}, {"model": "myapp.order", "pk": 59, "fields": {"member": 3, "order_type": 0, "order_date": "2019-11-18", "books": [5, 6, 7]}}, {"model": "myapp.order", "pk": 60, "fields": {"member": 4, "order_type": 1, "order_date": "2019-11-18", "books": [2, 4]}}, {"model": "myapp.order", "pk": 61, "fields": {"member": 6, "order_type": 0, "order_date": "2019-12-02", "books": [2, 7, 8]}}, {"model": "myapp.order", "pk": 62, "fields": {"member": 4, "order_type": 1, "order_date": "2019-12-02", "books": [1, 2]}}, {"model": "myapp.order", "pk": 63, "fields": {"member": 4, "order_type": 1, "order_date": "2019-12-02", "books": [1, 2]}}, {"model": "myapp.order", "pk": 64, "fields": {"member": 4, "order_type": 1, "order_date": "2019-12-02", "books": [1, 2]}}, {"model": "myapp.order", "pk": 65, "fields": {"member": 4, "order_type": 1, "order_date": "2019-12-02", "books": [1, 2]}}, {"model": "myapp.order", "pk": 66, "fields": {"member": 2, "order_type": 1, "order_date": "2019-12-02", "books": [1]}}, {"model": "myapp.order", "pk": 67, "fields": {"member": 2, "order_type": 1, "order_date": "2019-12-02", "books": [1]}}, {"model": "myapp.order", "pk": 68, "fields": {"member": 2, "order_type": 1, "order_date": "2019-12-02", "books": [1]}}, {"model": "myapp.order", "pk": 69, "fields": {"member": 2, "order_type": 1, "order_date": "2019-12-02", "books": [1]}}, {"model": "myapp.order", "pk": 70, "fields": {"member": 2, "order_type": 1, "order_date": "2019-12-02", "books": [1]}}, {"model": "myapp.order", "pk": 71, "fields": {"member": 2, "order_type": 1, "order_date": "2019-12-02", "books": [1]}}, {"model": "myapp.order", "pk": 72, "fields": {"member": 2, "order_type": 1, "order_date": "2019-12-02", "books": [1]}}, {"model": "myapp.order", "pk": 73, "fields": {"member": 2, "order_type": 1, "order_date": "2019-12-02", "books": [1]}}, {"model": "myapp.order", "pk": 74, "fields": {"member": 2, "order_type": 1, "order_date": "2019-12-02", "books": [1]}}, {"model": "myapp.order", "pk": 75, "fields": {"member": 2, "order_type": 1, "order_date": "2019-12-02", "books": [1]}}, {"model": "myapp.order", "pk": 76, "fields": {"member": 2, "order_type": 1, "order_date": "2019-12-02", "books": [1]}}, {"model": "myapp.order", "pk": 77, "fields": {"member": 2, "order_type": 1, "order_date": "2019-12-02", "books": [1]}}, {"model": "myapp.order", "pk": 78, "fields": {"member": 2, "order_type": 1, "order_date": "2019-12-02", "books": [1]}}, {"model": "myapp.order", "pk": 79, "fields": {"member": 2, "order_type": 1, "order_date": "2019-12-02", "books": [1]}}, {"model": "myapp.order", "pk": 80, "fields": {"member": 2, "order_type": 1, "order_date": "2019-12-02", "books": [1]}}, {"model": "myapp.order", "pk": 81, "fields": {"member": 2, "order_type": 1, "order_date": "2019-12-02", "books": [1]}}, {"model": "myapp.order", "pk": 82, "fields": {"member": 2, "order_type": 1, "order_date": "2019-12-02", "books": [1]}}, {"model": "myapp.order", "pk": 83, "fields": {"member": 2, "order_type": 1, "order_date": "2019-12-02", "books": [1]}}, {"model": "myapp.order", "pk": 84, "fields": {"member": 2, "order_type": 1, "order_date": "2019-12-02", "books": [1]}}, {"model": "myapp.order", "pk": 85, "fields": {"member": 2, "order_type": 1, "order_date": "2019-12-02", "books": [1]}}, {"model": "myapp.order", "pk": 86, "fields": {"member": 2, "order_type": 1, "order_date": "2019-12-02", "books": [1]}}, {"model": "myapp.order", "pk": 87, "fields": {"member": 2, "order_type": 1, "order_date": "2019-12-02", "books": [1]}}, {"model": "myapp.order", "pk": 88, "fields": {"member": 2, "order_type": 1, "order_date": "2019-12-02", "books": [1]}}, {"model": "myapp.order", "pk": 89, "fields": {"member": 2, "order_type": 1, "order_date": "2019-12-02", "books": [1]}}, {"model": "myapp.order", "pk": 90, "fields": {"member": 2, "order_type": 1, "order_date": "2019-12-02", "books": [1]}}, {"model": "myapp.order", "pk": 91, "fields": {"member": 2, "order_type": 1, "order_date": "2019-12-02", "books": [1]}}, {"model": "myapp.order", "pk": 92, "fields": {"member": 2, "order_type": 1, "order_date": "2019-12-02", "books": [1]}}, {"model": "myapp.order", "pk": 93, "fields": {"member": 2, "order_type": 1, "order_date": "2019-12-02", "books": [1]}}, {"model": "myapp.order", "pk": 94, "fields": {"member": 2, "order_type": 0, "order_date": "2019-12-02", "books": [5, 6]}}, {"model": "myapp.order", "pk": 95, "fields": {"member": 2, "order_type": 0, "order_date": "2019-12-02", "books": [5, 6]}}, {"model": "myapp.order", "pk": 96, "fields": {"member": 2, "order_type": 0, "order_date": "2019-12-02", "books": [5, 6]}}, {"model": "myapp.order", "pk": 97, "fields": {"member": 4, "order_type": 1, "order_date": "2019-12-02", "books": [1, 3, 4, 5, 7]}}, {"model": "myapp.order", "pk": 98, "fields": {"member": 4, "order_type": 0, "order_date": "2019-12-02", "books": [1, 2, 3, 4, 5, 6, 7, 8]}}, {"model": "myapp.order", "pk": 99, "fields": {"member": 4, "order_type": 0, "order_date": "2019-12-02", "books": [1, 2, 3, 4, 5, 6, 7, 8]}}, {"model": "myapp.order", "pk": 100, "fields": {"member": 4, "order_type": 0, "order_date": "2019-12-02", "books": [1, 2, 3, 4, 5, 6, 7, 8]}}, {"model": "myapp.order", "pk": 101, "fields": {"member": 4, "order_type": 0, "order_date": "2019-12-02", "books": [1, 2, 3, 4, 5, 6, 7, 8]}}, {"model": "myapp.order", "pk": 102, "fields": {"member": 4, "order_type": 0, "order_date": "2019-12-02", "books": [1, 2, 3, 4, 5, 6, 7, 8]}}, {"model": "myapp.order", "pk": 103, "fields": {"member": 4, "order_type": 0, "order_date": "2019-12-02", "books": [1, 2, 3, 4, 5, 6, 7, 8]}}, {"model": "myapp.order", "pk": 104, "fields": {"member": 4, "order_type": 0, "order_date": "2019-12-02", "books": [1, 2, 3, 4, 5, 6, 7, 8]}}, {"model": "myapp.order", "pk": 105, "fields": {"member": 4, "order_type": 0, "order_date": "2019-12-02", "books": [1, 2, 3, 4, 5, 6, 7, 8]}}, {"model": "myapp.order", "pk": 106, "fields": {"member": 4, "order_type": 0, "order_date": "2019-12-02", "books": [1, 2, 3, 4, 5, 6, 7, 8]}}, {"model": "myapp.order", "pk": 107, "fields": {"member": 4, "order_type": 0, "order_date": "2019-12-02", "books": [1, 2, 3, 4, 5, 6, 7, 8]}}, {"model": "myapp.order", "pk": 108, "fields": {"member": 4, "order_type": 0, "order_date": "2019-12-02", "books": [1, 2, 3, 4, 5, 6, 7, 8]}}, {"model": "myapp.order", "pk": 109, "fields": {"member": 4, "order_type": 0, "order_date": "2019-12-02", "books": [1, 2, 3, 4, 5, 6, 7, 8]}}, {"model": "myapp.order", "pk": 110, "fields": {"member": 4, "order_type": 0, "order_date": "2019-12-02", "books": [1, 2, 3, 4, 5, 6, 7, 8]}}, {"model": "myapp.order", "pk": 111, "fields": {"member": 4, "order_type": 0, "order_date": "2019-12-02", "books": [1, 2, 3, 4, 5, 6, 7, 8]}}, {"model": "myapp.order", "pk": 112, "fields": {"member": 4, "order_type": 0, "order_date": "2019-12-02", "books": [1, 2, 3, 4, 5, 6, 7, 8]}}, {"model": "myapp.order", "pk": 113, "fields": {"member": 4, "order_type": 0, "order_date": "2019-12-02", "books": [1, 2, 3, 4, 5, 6, 7, 8]}}, {"model": "myapp.order", "pk": 114, "fields": {"member": 4, "order_type": 0, "order_date": "2019-12-02", "books": [1, 2, 3, 4, 5, 6, 7, 8]}}, {"model": "myapp.order", "pk": 115, "fields": {"member": 2, "order_type": 0, "order_date": "2019-12-02", "books": [1, 2, 3, 4]}}, {"model": "myapp.order", "pk": 116, "fields": {"member": 3, "order_type": 1, "order_date": "2019-12-02", "books": [1, 2, 5, 6, 7]}}, {"model": "myapp.order", "pk": 117, "fields": {"member": 2, "order_type": 0, "order_date": "2019-12-03", "books": [3, 4, 5]}}, {"model": "myapp.order", "pk": 118, "fields": {"member": 2, "order_type": 1, "order_date": "2019-12-04", "books": [1, 2, 8]}}, {"model": "myapp.order", "pk": 119, "fields": {"member": 3, "order_type": 0, "order_date": "2019-12-04", "books": [1, 2]}}, {"model": "myapp.order", "pk": 120, "fields": {"member": 6, "order_type": 1, "order_date": "2019-12-04", "books": [5, 6]}}, {"model": "myapp.order", "pk": 121, "fields": {"member": 3, "order_type": 0, "order_date": "2019-12-04", "books": [2, 3]}}, {"model": "myapp.order", "pk": 122, "fields": {"member": 3, "order_type": 0, "order_date": "2019-12-04", "books": [2, 3]}}, {"model": "myapp.order", "pk": 123, "fields": {"member": 3, "order_type": 0, "order_date": "2019-12-04", "books": [2, 3]}}, {"model": "myapp.order", "pk": 124, "fields": {"member": 3, "order_type": 0, "order_date": "2019-12-04", "books": [2, 3]}}, {"model": "myapp.order", "pk": 125, "fields": {"member": 3, "order_type": 0, "order_date": "2019-12-04", "books": [2, 3]}}, {"model": "myapp.order", "pk": 126, "fields": {"member": 3, "order_type": 0, "order_date": "2019-12-04", "books": [2, 3]}}, {"model": "myapp.order", "pk": 127, "fields": {"member": 3, "order_type": 0, "order_date": "2019-12-04", "books": [2, 3]}}, {"model": "myapp.order", "pk": 128, "fields": {"member": 7, "order_type": 1, "order_date": "2019-12-06", "books": []}}, {"model": "myapp.order", "pk": 129, "fields": {"member": 3, "order_type": 1, "order_date": "2019-12-06", "books": []}}, {"model": "myapp.order", "pk": 130, "fields": {"member": 3, "order_type": 1, "order_date": "2019-12-06", "books": []}}, {"model": "myapp.order", "pk": 131, "fields": {"member": 3, "order_type": 0, "order_date": "2019-12-06", "books": []}}, {"model": "myapp.order", "pk": 132, "fields": {"member": 6, "order_type": 1, "order_date": "2019-12-06", "books": []}}, {"model": "myapp.order", "pk": 133, "fields": {"member": 4, "order_type": 0, "order_date": "2019-12-10", "books": []}}, {"model": "myapp.order", "pk": 134, "fields": {"member": 6, "order_type": 1, "order_date": "2019-12-10", "books": [4, 6]}}, {"model": "myapp.order", "pk": 135, "fields": {"member": 7, "order_type": 1, "order_date": "2019-12-10", "books": [3, 4, 5]}}, {"model": "myapp.order", "pk": 136, "fields": {"member": 2, "order_type": 0, "order_date": "2019-12-10", "books": [2, 3]}}, {"model": "myapp.order", "pk": 137, "fields": {"member": 7, "order_type": 1, "order_date": "2019-12-10", "books": [2, 3, 4]}}, {"model": "admin.logentry", "pk": 1, "fields": {"action_time": "2019-09-29T23:00:49.096Z", "user": 1, "content_type": 7, "object_id": "1", "object_repr": "Publisher object (1)", "action_flag": 1, "change_message": "[{\"added\": {}}]"}}, {"model": "admin.logentry", "pk": 2, "fields": {"action_time": "2019-09-29T23:00:55.335Z", "user": 1, "content_type": 7, "object_id": "1", "object_repr": "Publisher object (1)", "action_flag": 2, "change_message": "[]"}}, {"model": "admin.logentry", "pk": 3, "fields": {"action_time": "2019-09-29T23:01:18.851Z", "user": 1, "content_type": 7, "object_id": "2", "object_repr": "Publisher object (2)", "action_flag": 1, "change_message": "[{\"added\": {}}]"}}, {"model": "admin.logentry", "pk": 4, "fields": {"action_time": "2019-09-29T23:02:21.523Z", "user": 1, "content_type": 7, "object_id": "3", "object_repr": "Publisher object (3)", "action_flag": 1, "change_message": "[{\"added\": {}}]"}}, {"model": "admin.logentry", "pk": 5, "fields": {"action_time": "2019-09-29T23:02:31.521Z", "user": 1, "content_type": 7, "object_id": "3", "object_repr": "Publisher object (3)", "action_flag": 2, "change_message": "[]"}}, {"model": "admin.logentry", "pk": 6, "fields": {"action_time": "2019-09-29T23:02:39.471Z", "user": 1, "content_type": 7, "object_id": "2", "object_repr": "Publisher object (2)", "action_flag": 2, "change_message": "[]"}}, {"model": "admin.logentry", "pk": 7, "fields": {"action_time": "2019-09-29T23:26:20.686Z", "user": 1, "content_type": 8, "object_id": "1", "object_repr": "Advanced Optical Networks", "action_flag": 1, "change_message": "[{\"added\": {}}]"}}, {"model": "admin.logentry", "pk": 8, "fields": {"action_time": "2019-09-29T23:26:43.036Z", "user": 1, "content_type": 8, "object_id": "2", "object_repr": "Wireless Networks", "action_flag": 1, "change_message": "[{\"added\": {}}]"}}, {"model": "admin.logentry", "pk": 9, "fields": {"action_time": "2019-09-29T23:27:01.868Z", "user": 1, "content_type": 8, "object_id": "3", "object_repr": "A New World", "action_flag": 1, "change_message": "[{\"added\": {}}]"}}, {"model": "admin.logentry", "pk": 10, "fields": {"action_time": "2019-09-29T23:27:25.382Z", "user": 1, "content_type": 8, "object_id": "4", "object_repr": "Python Programming", "action_flag": 1, "change_message": "[{\"added\": {}}]"}}, {"model": "admin.logentry", "pk": 11, "fields": {"action_time": "2019-09-29T23:27:44.695Z", "user": 1, "content_type": 8, "object_id": "5", "object_repr": "A Good Story", "action_flag": 1, "change_message": "[{\"added\": {}}]"}}, {"model": "admin.logentry", "pk": 12, "fields": {"action_time": "2019-09-29T23:28:06.287Z", "user": 1, "content_type": 8, "object_id": "6", "object_repr": "Jane Austen", "action_flag": 1, "change_message": "[{\"added\": {}}]"}}, {"model": "admin.logentry", "pk": 13, "fields": {"action_time": "2019-09-29T23:32:27.738Z", "user": 1, "content_type": 8, "object_id": "7", "object_repr": "Jane Eyre", "action_flag": 1, "change_message": "[{\"added\": {}}]"}}, {"model": "admin.logentry", "pk": 14, "fields": {"action_time": "2019-09-29T23:33:02.019Z", "user": 1, "content_type": 8, "object_id": "8", "object_repr": "Art History", "action_flag": 1, "change_message": "[{\"added\": {}}]"}}, {"model": "admin.logentry", "pk": 15, "fields": {"action_time": "2019-09-30T17:20:55.322Z", "user": 1, "content_type": 9, "object_id": "2", "object_repr": "Windsor", "action_flag": 1, "change_message": "[{\"added\": {}}]"}}, {"model": "admin.logentry", "pk": 16, "fields": {"action_time": "2019-09-30T17:23:28.377Z", "user": 1, "content_type": 9, "object_id": "3", "object_repr": "Mary Hall", "action_flag": 1, "change_message": "[{\"added\": {}}]"}}, {"model": "admin.logentry", "pk": 17, "fields": {"action_time": "2019-09-30T17:24:32.088Z", "user": 1, "content_type": 9, "object_id": "4", "object_repr": "Alan Jones", "action_flag": 1, "change_message": "[{\"added\": {}}]"}}, {"model": "admin.logentry", "pk": 18, "fields": {"action_time": "2019-09-30T17:26:05.440Z", "user": 1, "content_type": 9, "object_id": "5", "object_repr": "Josh Jones", "action_flag": 1, "change_message": "[{\"added\": {}}]"}}, {"model": "admin.logentry", "pk": 19, "fields": {"action_time": "2019-09-30T17:27:10.950Z", "user": 1, "content_type": 9, "object_id": "6", "object_repr": "Bill Wang", "action_flag": 1, "change_message": "[{\"added\": {}}]"}}, {"model": "admin.logentry", "pk": 20, "fields": {"action_time": "2019-09-30T17:28:48.572Z", "user": 1, "content_type": 9, "object_id": "7", "object_repr": "Anne Wang", "action_flag": 1, "change_message": "[{\"added\": {}}]"}}, {"model": "admin.logentry", "pk": 21, "fields": {"action_time": "2019-09-30T18:01:09.237Z", "user": 1, "content_type": 10, "object_id": "1", "object_repr": "Order object (1)", "action_flag": 1, "change_message": "[{\"added\": {}}]"}}, {"model": "admin.logentry", "pk": 22, "fields": {"action_time": "2019-09-30T18:01:35.461Z", "user": 1, "content_type": 10, "object_id": "2", "object_repr": "Order object (2)", "action_flag": 1, "change_message": "[{\"added\": {}}]"}}, {"model": "admin.logentry", "pk": 23, "fields": {"action_time": "2019-09-30T18:11:27.928Z", "user": 1, "content_type": 10, "object_id": "3", "object_repr": "Order object (3)", "action_flag": 1, "change_message": "[{\"added\": {}}]"}}, {"model": "admin.logentry", "pk": 24, "fields": {"action_time": "2019-09-30T18:12:35.341Z", "user": 1, "content_type": 10, "object_id": "4", "object_repr": "Order object (4)", "action_flag": 1, "change_message": "[{\"added\": {}}]"}}, {"model": "admin.logentry", "pk": 25, "fields": {"action_time": "2019-09-30T18:13:23.320Z", "user": 1, "content_type": 10, "object_id": "5", "object_repr": "Order object (5)", "action_flag": 1, "change_message": "[{\"added\": {}}]"}}, {"model": "admin.logentry", "pk": 26, "fields": {"action_time": "2019-09-30T18:13:52.291Z", "user": 1, "content_type": 10, "object_id": "6", "object_repr": "Order object (6)", "action_flag": 1, "change_message": "[{\"added\": {}}]"}}, {"model": "admin.logentry", "pk": 27, "fields": {"action_time": "2019-09-30T18:14:20.416Z", "user": 1, "content_type": 10, "object_id": "7", "object_repr": "Order object (7)", "action_flag": 1, "change_message": "[{\"added\": {}}]"}}, {"model": "admin.logentry", "pk": 28, "fields": {"action_time": "2019-10-09T18:29:36.896Z", "user": 1, "content_type": 10, "object_id": "8", "object_repr": "Order object (8)", "action_flag": 1, "change_message": "[{\"added\": {}}]"}}, {"model": "admin.logentry", "pk": 29, "fields": {"action_time": "2019-11-25T15:58:55.395Z", "user": 1, "content_type": 4, "object_id": "4", "object_repr": "alanjones", "action_flag": 2, "change_message": "[{\"changed\": {\"fields\": [\"password\"]}}]"}}, {"model": "admin.logentry", "pk": 30, "fields": {"action_time": "2019-11-25T16:01:24.136Z", "user": 1, "content_type": 4, "object_id": "4", "object_repr": "alan@1", "action_flag": 2, "change_message": "[{\"changed\": {\"fields\": [\"username\"]}}]"}}, {"model": "admin.logentry", "pk": 31, "fields": {"action_time": "2019-11-25T18:05:58.362Z", "user": 1, "content_type": 4, "object_id": "7", "object_repr": "annewang", "action_flag": 2, "change_message": "[{\"changed\": {\"fields\": [\"password\"]}}]"}}, {"model": "admin.logentry", "pk": 32, "fields": {"action_time": "2019-11-25T18:06:34.528Z", "user": 1, "content_type": 4, "object_id": "7", "object_repr": "annewang", "action_flag": 2, "change_message": "[]"}}, {"model": "admin.logentry", "pk": 33, "fields": {"action_time": "2019-12-01T04:16:16.531Z", "user": 1, "content_type": 8, "object_id": "8", "object_repr": "Art History", "action_flag": 2, "change_message": "[]"}}, {"model": "admin.logentry", "pk": 34, "fields": {"action_time": "2019-12-01T04:54:50.859Z", "user": 1, "content_type": 8, "object_id": "8", "object_repr": "Art History", "action_flag": 2, "change_message": "[{\"changed\": {\"fields\": [\"book_photo\"]}}]"}}, {"model": "admin.logentry", "pk": 35, "fields": {"action_time": "2019-12-01T04:54:59.072Z", "user": 1, "content_type": 8, "object_id": "7", "object_repr": "Jane Eyre", "action_flag": 2, "change_message": "[{\"changed\": {\"fields\": [\"book_photo\"]}}]"}}, {"model": "admin.logentry", "pk": 36, "fields": {"action_time": "2019-12-01T04:55:17.342Z", "user": 1, "content_type": 8, "object_id": "6", "object_repr": "Jane Austen", "action_flag": 2, "change_message": "[{\"changed\": {\"fields\": [\"book_photo\"]}}]"}}, {"model": "admin.logentry", "pk": 37, "fields": {"action_time": "2019-12-01T04:55:19.399Z", "user": 1, "content_type": 8, "object_id": "6", "object_repr": "Jane Austen", "action_flag": 2, "change_message": "[]"}}, {"model": "admin.logentry", "pk": 38, "fields": {"action_time": "2019-12-01T04:55:30.111Z", "user": 1, "content_type": 8, "object_id": "5", "object_repr": "A Good Story", "action_flag": 2, "change_message": "[{\"changed\": {\"fields\": [\"book_photo\"]}}]"}}, {"model": "admin.logentry", "pk": 39, "fields": {"action_time": "2019-12-01T04:55:38.808Z", "user": 1, "content_type": 8, "object_id": "4", "object_repr": "Python Programming", "action_flag": 2, "change_message": "[{\"changed\": {\"fields\": [\"book_photo\"]}}]"}}, {"model": "admin.logentry", "pk": 40, "fields": {"action_time": "2019-12-01T04:55:49.816Z", "user": 1, "content_type": 8, "object_id": "3", "object_repr": "A New World", "action_flag": 2, "change_message": "[{\"changed\": {\"fields\": [\"book_photo\"]}}]"}}, {"model": "admin.logentry", "pk": 41, "fields": {"action_time": "2019-12-01T04:56:04.425Z", "user": 1, "content_type": 8, "object_id": "2", "object_repr": "Wireless Networks", "action_flag": 2, "change_message": "[{\"changed\": {\"fields\": [\"book_photo\"]}}]"}}, {"model": "admin.logentry", "pk": 42, "fields": {"action_time": "2019-12-01T04:56:14.321Z", "user": 1, "content_type": 8, "object_id": "1", "object_repr": "Advanced Optical Networks", "action_flag": 2, "change_message": "[{\"changed\": {\"fields\": [\"book_photo\"]}}]"}}, {"model": "admin.logentry", "pk": 43, "fields": {"action_time": "2019-12-01T05:37:27.800Z", "user": 1, "content_type": 8, "object_id": "8", "object_repr": "Art History", "action_flag": 2, "change_message": "[{\"changed\": {\"fields\": [\"book_photo\"]}}]"}}, {"model": "admin.logentry", "pk": 44, "fields": {"action_time": "2019-12-01T05:37:36.538Z", "user": 1, "content_type": 8, "object_id": "7", "object_repr": "Jane Eyre", "action_flag": 2, "change_message": "[{\"changed\": {\"fields\": [\"book_photo\"]}}]"}}, {"model": "admin.logentry", "pk": 45, "fields": {"action_time": "2019-12-01T05:37:50.080Z", "user": 1, "content_type": 8, "object_id": "6", "object_repr": "Jane Austen", "action_flag": 2, "change_message": "[{\"changed\": {\"fields\": [\"book_photo\"]}}]"}}, {"model": "admin.logentry", "pk": 46, "fields": {"action_time": "2019-12-01T05:37:58.016Z", "user": 1, "content_type": 8, "object_id": "5", "object_repr": "A Good Story", "action_flag": 2, "change_message": "[{\"changed\": {\"fields\": [\"book_photo\"]}}]"}}, {"model": "admin.logentry", "pk": 47, "fields": {"action_time": "2019-12-01T05:38:05.722Z", "user": 1, "content_type": 8, "object_id": "4", "object_repr": "Python Programming", "action_flag": 2, "change_message": "[{\"changed\": {\"fields\": [\"book_photo\"]}}]"}}, {"model": "admin.logentry", "pk": 48, "fields": {"action_time": "2019-12-01T05:38:15.945Z", "user": 1, "content_type": 8, "object_id": "3", "object_repr": "A New World", "action_flag": 2, "change_message": "[{\"changed\": {\"fields\": [\"book_photo\"]}}]"}}, {"model": "admin.logentry", "pk": 49, "fields": {"action_time": "2019-12-01T05:38:24.949Z", "user": 1, "content_type": 8, "object_id": "2", "object_repr": "Wireless Networks", "action_flag": 2, "change_message": "[{\"changed\": {\"fields\": [\"book_photo\"]}}]"}}, {"model": "admin.logentry", "pk": 50, "fields": {"action_time": "2019-12-01T05:38:32.174Z", "user": 1, "content_type": 8, "object_id": "1", "object_repr": "Advanced Optical Networks", "action_flag": 2, "change_message": "[{\"changed\": {\"fields\": [\"book_photo\"]}}]"}}, {"model": "admin.logentry", "pk": 51, "fields": {"action_time": "2019-12-02T19:56:17.874Z", "user": 1, "content_type": 4, "object_id": "7", "object_repr": "annewang", "action_flag": 2, "change_message": "[{\"changed\": {\"fields\": [\"email\"]}}]"}}, {"model": "admin.logentry", "pk": 52, "fields": {"action_time": "2019-12-03T23:13:40.088Z", "user": 1, "content_type": 8, "object_id": "8", "object_repr": "Art History", "action_flag": 2, "change_message": "[{\"changed\": {\"fields\": [\"price\"]}}]"}}, {"model": "admin.logentry", "pk": 53, "fields": {"action_time": "2019-12-03T23:22:11.194Z", "user": 1, "content_type": 8, "object_id": "8", "object_repr": "Art History", "action_flag": 2, "change_message": "[{\"changed\": {\"fields\": [\"price\"]}}]"}}, {"model": "admin.logentry", "pk": 54, "fields": {"action_time": "2019-12-06T03:27:16.699Z", "user": 1, "content_type": 4, "object_id": "5", "object_repr": "joshjones", "action_flag": 2, "change_message": "[{\"changed\": {\"fields\": [\"password\"]}}]"}}, {"model": "admin.logentry", "pk": 55, "fields": {"action_time": "2019-12-06T06:31:27.161Z", "user": 1, "content_type": 4, "object_id": "6", "object_repr": "billwang", "action_flag": 2, "change_message": "[{\"changed\": {\"fields\": [\"password\"]}}]"}}, {"model": "admin.logentry", "pk": 56, "fields": {"action_time": "2019-12-10T03:51:58.959Z", "user": 1, "content_type": 10, "object_id": "134", "object_repr": "Order Id 134 Date 2019-12-10", "action_flag": 1, "change_message": "[{\"added\": {}}]"}}, {"model": "admin.logentry", "pk": 57, "fields": {"action_time": "2019-12-10T03:52:47.327Z", "user": 1, "content_type": 10, "object_id": "135", "object_repr": "Order Id 135 Date 2019-12-10", "action_flag": 1, "change_message": "[{\"added\": {}}]"}}]